seccion,titular,enlace_noticia
LT Sábado,"Elisa Loncón, carta mapuche para presidir la convención: “Se puede dialogar con nosotros, que no nos tengan miedo”",https://www.latercera.com/la-tercera-sabado/noticia/elisa-loncon-carta-mapuche-para-presidir-la-convencion-se-puede-dialogar-con-nosotros-que-no-nos-tengan-miedo/FY2WY353UZDK5BCWBYOFYIRN7Q/
Re:Constitución,Clases de derecho y reuniones sobre el reglamento: Cómo se preparan los constituyentes para el inicio de la Convención,https://www.latercera.com/reconstitucion/noticia/clases-de-derecho-y-reuniones-sobre-el-reglamento-como-se-preparan-los-constituyentes-para-el-inicio-de-la-convencion/T4U2PMYDPRAF3FFICWUWDPJZCM/
Re:Constitución,"Territorio, plurinacionalidad y lengua: Los temas abordados por constituyentes indígenas previo a la Convención",https://www.latercera.com/reconstitucion/noticia/territorio-plurinacionalidad-y-lengua-los-temas-abordados-por-constituyentes-indigenas-previo-a-la-convencion/FKHA4CXIRFB4LBROWJYZNNDHVQ/
LT Sábado,¿Cómo piensan las listas de la Convención Constitucional?,https://www.latercera.com/investigacion-y-datos/noticia/como-piensan-las-listas-de-la-convencion-constitucional/2WKACYWFUNGXXLLYIE45RNI2NA/
Re:Constitución,Erika Muñoz (UDI): “El derecho preferente de los padres en la educación se debe respetar por sobre las iniciativas del Ejecutivo y el Parlamento”,https://www.latercera.com/reconstitucion/noticia/erika-munoz-udi-el-derecho-preferente-de-los-padres-en-la-educacion-se-debe-respetar-por-sobre-las-iniciativas-del-ejecutivo-y-el-parlamento/5KWVRTDSYNDSLLEYZE4VTH6JNA/
La Tercera PM,"¿Cómo se va a garantizar el derecho a la educación en la nueva Constitución?: la discusión entre Bellei, Eyzaguirre, Toro y Recart",https://www.latercera.com/la-tercera-pm/noticia/como-se-va-a-garantizar-el-derecho-a-la-educacion-en-la-nueva-constitucion-la-discusion-entre-bellei-eyzaguirre-toro-y-recart/F2BSXP4XCFEPDPVCAVYEZNB2I4/
Re:Constitución,Chiara Barchiesi (Partido Republicano): “A nivel constitucional se debe incluir el derecho del que está por nacer”,https://www.latercera.com/reconstitucion/noticia/chiara-barchiesi-partido-republicano-a-nivel-constitucional-se-debe-incluir-el-derecho-del-que-esta-por-nacer/YQKXTF4RF5DB3OLUC57WVZ5ZLM/
Re:Constitución,Raúl Celis (RN): “Debe quedar establecido en la Constitución que al Estado le corresponde el monopolio del uso legítimo de la fuerza”,https://www.latercera.com/reconstitucion/noticia/raul-celis-rn-debe-quedar-establecido-en-la-constitucion-que-al-estado-le-corresponde-el-monopolio-del-uso-legitimo-de-la-fuerza/N3YJDIPUMJCU3GWSHUU6LO4KNY/
Re:Constitución,"María José Becerra (PS): “Antes de preguntarnos si necesitamos iniciativas exclusivas del Presidente, tenemos que poner diques de contención a la desigualdad”",https://www.latercera.com/reconstitucion/noticia/maria-jose-becerra-ps-antes-de-preguntarnos-si-necesitamos-iniciativas-exclusivas-del-presidente-tenemos-que-poner-diques-de-contencion-a-la-desigualdad/JP7UP4OSEZEJNFJ3QLZLGGHPKU/
Re:Constitución,Patricia Labra (RN): “La agricultura tiene que estar consagrada en la Constitución como una actividad esencial para nuestro país”,https://www.latercera.com/reconstitucion/noticia/patricia-labra-rn-la-agricultura-tiene-que-estar-consagrada-en-la-constitucion-como-una-actividad-esencial-para-nuestro-pais/C4C7P2EDEBDUBKMTHVV76CDMIQ/
Re:Constitución,María Luisa Cordero (Ind-UDI): “Me cargan las discriminaciones positivas”,https://www.latercera.com/reconstitucion/noticia/maria-luisa-cordero-ind-udi-me-cargan-las-discriminaciones-positivas/FL5XUOHQTVCURIBNXEDJFJBLXA/
Re:Constitución,Carlos Ominami (Ind-PPD): “Un régimen semipresidencial permite las conducciones en equipo”,https://www.latercera.com/reconstitucion/noticia/carlos-ominami-ind-ppd-un-regimen-semipresidencial-permite-las-conducciones-en-equipo/I7W6OQORDFEBXGMYT23MZSDDCM/
La Tercera PM,"¿Cuáles son las propuestas de los pueblos originarios para la nueva Constitución?: Así fue el debate entre Llanquileo, Calderón y Cheuquelaf",https://www.latercera.com/la-tercera-pm/noticia/cuales-son-las-propuestas-de-los-pueblos-originarios-para-la-nueva-constitucion-asi-fue-el-debate-entre-llanquileo-calderon-y-cheuquelaf/3RGOJ222XZAAHEPCGGNNCEHUEA/
La Tercera PM,¿Una consulta indígena durante la convención? La fórmula que se deberá buscar para no transgredir el Convenio 169,https://www.latercera.com/la-tercera-pm/noticia/una-consulta-indigena-durante-la-convencion-como-se-debera-buscar-una-formula-para-no-trangredir-el-convenio-169/O2PABHVB2RGBBNEIWJC42LTOQA/
Re:Constitución,"Nicole Romo (Ind): “La igualdad ante la ley no implica sólo declararla en una nueva Constitución, significa reformar nuestro sistema de justicia”",https://www.latercera.com/reconstitucion/noticia/nicole-romo-ind-la-igualdad-ante-la-ley-no-implica-solo-declararla-en-una-nueva-constitucion-significa-reformar-nuestro-sistema-de-justicia/UQBIICJRAJBCRNV7EEWL6VXAUY/
Re:Constitución,Ruth Olivera (Ind-RN): “El deporte como derecho constitucional debe ir sumado a la prevención de la salud”,https://www.latercera.com/reconstitucion/noticia/ruth-olivera-ind-rn-el-deporte-como-derecho-constitucional-debe-ir-sumado-a-la-prevencion-de-la-salud/ETLXNA5VBVDYPESYDJLZJZ43QU/
Re:Constitución,Amaya Álvez (RD): “No estoy de acuerdo con que el Presidente sea el único que tiene iniciativa exclusiva”,https://www.latercera.com/reconstitucion/noticia/amaya-alvez-rd-no-estoy-de-acuerdo-de-que-el-presidente-sea-el-unico-que-tiene-iniciativa-exclusiva/YM6TYK7NLJFE5CLVNB4TAY3AYE/
Re:Constitución,Karla Pinto (Ind): “Los miembros del Tribunal Constitucional no deberían ser designados políticamente”,https://www.latercera.com/reconstitucion/noticia/karla-pinto-ind-los-miembros-del-tribunal-constitucional-no-deberian-ser-desingados-politicamente/XZO3OZLXPNEBXPMHMCHN56Q4CA/
Re:Constitución,¿Qué lecciones deja lo ocurrido esta semana en el TC para el debate constitucional? Cuatro juristas entregan sus visiones,https://www.latercera.com/reconstitucion/noticia/que-lecciones-deja-lo-ocurrido-esta-semana-en-el-tc-para-el-debate-constitucional-cuatro-juristas-entregan-sus-visiones/WV75UMHRSFHHFAO2ELADKROMK4/
Re:Constitución,"Nicolás Freire (Ind-PL): “El problema hoy no está en la forma de gobierno que queremos, lo esencial es cómo vamos a reinterpretar nuestra democracia representativa”",https://www.latercera.com/reconstitucion/noticia/nicolas-freire-ind-pl-el-problema-hoy-no-esta-en-la-forma-de-gobierno-que-queremos-lo-esencial-es-como-vamos-a-reinterpretar-nuestra-democracia-representativa/SA622AUPLNHCHGHWWV4ZXU6LVM/
Re:Constitución,Antonio Walker (Ind-Evópoli): “Creo en la gran alianza público privada del agua”,https://www.latercera.com/reconstitucion/noticia/antonio-walker-ind-evopoli-creo-en-la-gran-alianza-publico-privada-del-agua/4YQBGNUBBJHYHOR2U6NNCTDXS4/
Re:Constitución,Macarena Lobos (Ind): “Hay que mantener la iniciativa exclusiva del Ejecutivo”,https://www.latercera.com/reconstitucion/noticia/macarena-lobos-ind-hay-que-mantener-la-iniciativa-exclusiva-del-ejecutivo/TCJXPA6ANZD3FKTEB3SNKBGDKY/
La Tercera PM,"¿Una Constitución con perspectiva de género? Así fue el debate entre Orellana, Campino, Walker y Bravo",https://www.latercera.com/la-tercera-pm/noticia/una-constitucion-con-perspectiva-de-genero-asi-fue-el-debate-entre-orellana-campino-walker-y-bravo/GNV7ONM7SZDJJFMRQCUNCQ66SM/
Re:Constitución,"Valeria Villegas (PR): “El acceso a una salud sexual y reproductiva como derecho, va de la mano con un enfoque de género en la Constitución”",https://www.latercera.com/reconstitucion/noticia/valeria-villegas-pr-el-acceso-a-una-salud-sexual-y-reproductiva-como-derecho-va-de-la-mano-con-un-enfoque-de-genero-en-la-constitucion/FIP3AP3SMRCNHCT6WNKGPIOGRY/
Re:Constitución,Francisco Moreno (UDI): “Creo que la nueva Constitución debe estipular un año adicional de mandato para el Presidente de la República”,https://www.latercera.com/reconstitucion/noticia/francisco-moreno-udi-creo-que-se-requiere-un-ano-adicional-de-mandato-para-el-presidente-de-la-republica/AIRYUBEIKVB57OM4IDK327C3IM/
Re:Constitución,Christian Viera (Ind-DC): “Esperaría que el reglamento de la Convención pueda establecer mecanismos vinculantes de participación ciudadana”,https://www.latercera.com/reconstitucion/noticia/christian-viera-ind-dc-esperaria-que-el-reglamento-de-la-convencion-pueda-establecer-mecanismos-vinculantes-de-participacion-ciudadana/QL7T6Y7KTBHSXFGFTZ4APQRMKQ/
Re:Constitución,Miriam Henríquez (Ind): “Hay que considerar el lenguaje inclusivo en la Constitución”,https://www.latercera.com/reconstitucion/noticia/miriam-henriquez-ind-hay-que-considerar-el-lenguaje-inclusivo-en-la-constitucion/RQ746U65ZZGQFG4CDJEBMMMRIQ/
Re:Constitución,"Cristóbal Orrego (Partido Republicano): “Si dependiera de mí, prohibiría explícitamente el aborto”",https://www.latercera.com/reconstitucion/noticia/cristobal-orrego-partido-republicano-si-dependiera-de-mi-prohibiria-explicitamente-el-aborto/ROMC2RFTKJHYHA6LEA7JGTV4BE/
Re:Constitución,Benito Baranda (Ind): “El derecho al asilo para los migrantes debería estar contemplado en la Constitución”,https://www.latercera.com/reconstitucion/noticia/benito-baranda-ind-el-derecho-al-asilo-para-los-migrantes-deberia-estar-contemplado-en-la-constitucion/HZHAJJTJ75DNLABEBJHPFPBAY4/
Re:Constitución,Sol Letelier (UDI): “Hay que mantener el Estado subsidiario pero hay que mejorarlo”,https://www.latercera.com/reconstitucion/noticia/sol-letelier-udi-hay-que-mantener-el-estado-subsidiario-pero-hay-que-mejorarlo/Z4VGF5RO35GKJF3MJ726W4SK4M/
Re:Constitución,"Derecho a la educación, libertad de enseñanza y el rol del Estado: Los nudos que detectó Educación 2020 para el debate constitucional",https://www.latercera.com/reconstitucion/noticia/derecho-a-la-educacion-libertad-de-ensenanza-y-el-rol-del-estado-los-nudos-que-detecto-educacion-2020-para-el-debate-constitucional/RQRTABZ7PFBUHH6VCOMT3I64EI/
Re:Constitución,Hortencia Hidalgo (PS): “Quienes vivimos en regiones más extremas hemos vivido el centralismo del gobierno”,https://www.latercera.com/reconstitucion/noticia/hortencia-hidalgo-ps-quienes-vivimos-en-regiones-mas-extremas-hemos-vivido-el-centralismo-del-gobierno/C5PZO3FY3NC2NPSVOVE2UMW4RU/
La Tercera PM,Una discusión que vuelve: ¿Los constituyentes pueden cambiar los 2/3 y llamar a plebiscito si no hay acuerdos?,https://www.latercera.com/la-tercera-pm/noticia/una-discusion-que-vuelve-los-constituyentes-pueden-cambiar-los-23-y-llamar-a-plebiscito-si-no-hay-acuerdos/P5EYDVIRPZBVTEVZRNZLLARDUE/
Re:Constitución,Alfredo Moreno (Ind-UDI): “Se debe llevar la realidad que vive la gente del mundo rural a la discusión de la Constitución”,https://www.latercera.com/reconstitucion/noticia/alfredo-moreno-ind-udi-se-debe-llevar-la-realidad-que-vive-la-gente-del-mundo-rural-a-la-discusion-de-la-constitucion/AHV6JFQCMFDALG2LF7QEAFEKC4/
Re:Constitución,Marcos Barraza (PC): “Lo que corresponde es tratar de modificar el quórum de 2/3 en la convención”,https://www.latercera.com/reconstitucion/noticia/marcos-barraza-pc-lo-que-corresponde-es-tratar-de-modificar-el-quorum-de-23-en-la-convencion/YOYMZ5OWCZGBNAS5KAQRWANCLE/
Re:Constitución,Luis Mesina (Ind): “No creo que sea en la Constitución donde quede establecido esta nueva propuesta previsional”,https://www.latercera.com/reconstitucion/noticia/luis-mesina-ind-no-creo-que-sea-en-la-constitucion-donde-quede-establecido-esta-nueva-propuesta-previsional/S2K5ZIZ6CJCBHCCQTNYYJ7EN5A/
Re:Constitución,Bernardo de la Maza (Ind-Evópoli): “Hay demandas infinitas pero se cuenta con recursos limitados”,https://www.latercera.com/reconstitucion/noticia/bernardo-de-la-maza-ind-evopoli-hay-demandas-infinitas-pero-se-cuenta-con-recursos-limitados/IBJNIA6HYZHV5JBPAWUFP5I67U/
Re:Constitución,Beatriz Sánchez (Ind-RD): “No se trata de instalar un árbol de pascua lleno de derechos en la nueva Constitución”,https://www.latercera.com/reconstitucion/noticia/beatriz-sanchez-ind-rd-no-se-trata-de-instalar-un-arbol-de-pascua-lleno-de-derechos-en-la-nueva-constitucion/FTH62PSPJ5G6JK7SJHJYCGNSBI/
Re:Constitución,Siete propuestas para el reglamento enfrentadas: ¿Cuáles son los consensos y diferencias?,https://www.latercera.com/reconstitucion/noticia/siete-propuestas-para-el-reglamento-enfrentandas-cuales-son-los-consensos-y-diferencias/YBWUOA6UERDX7H4MPNNLMGQQGE/
Re:Constitución,Natividad Llanquileo (Pueblo Mapuche): “El Estado plurinacional tiene que ver con la aceptación normativa de una realidad que ya existe”,https://www.latercera.com/reconstitucion/noticia/natividad-llanquileo-pueblo-mapuche-el-estado-plurinacional-tiene-que-ver-con-la-aceptacion-normativa-de-una-realidad-que-ya-existe/PT7CVQBXE5CRNBQJM7IILZTEX4/
Re:Constitución,Patricio Zapata (DC): “El respeto a los Derechos Humanos tiene que ser la piedra angular de la nueva Constitución”,https://www.latercera.com/reconstitucion/noticia/patricio-zapata-dc-el-respeto-a-los-derechos-humanos-tiene-que-ser-la-piedra-angular-de-la-nueva-constitucion/AFQ2Q2MB3RD6NASVDPOEMOYYPA/
Re:Constitución,Ricardo Montero (PS): “La actual Constitución está más preocupada en proteger intereses privados que garantizar derechos sociales”,https://www.latercera.com/reconstitucion/noticia/ricardo-montero-ps-la-actual-constitucion-esta-mas-preocupada-en-proteger-intereses-privados-que-garantizar-derechos-sociales/WNMGTLLJDJBFNEAHAWCA4BOFZQ/
Re:Constitución,Francisca Desbordes (RN): “Debe haber un rol mucho más fuerte del Estado en garantizar la calidad de la educación”,https://www.latercera.com/reconstitucion/noticia/francisca-desbordes-rn-debe-haber-un-rol-mucho-mas-fuerte-del-estado-en-garantizar-la-calidad-de-la-educacion/JVL6GIBWXBDNVNX7FJOHDYGB7U/
Re:Constitución,Juan Luis Ossa (Ind-RN): “Mucho más importante que cambiar el régimen político es modificar en parte el régimen electoral”,https://www.latercera.com/reconstitucion/noticia/juan-luis-ossa-ind-rn-mucho-mas-importante-que-cambiar-el-regimen-politico-es-modificar-en-parte-el-regimen-electoral/V4D6EQHZENCCBFXDA2URMU3K6Y/
Re:Constitución,Jorge Correa Sutil (DC):  “El debate está muy centrado en la consagración de derechos y poco en la arquitectura del poder”,https://www.latercera.com/reconstitucion/noticia/jorge-correa-sutil-dc-el-debate-esta-muy-centrado-en-la-consagracion-de-derechos-y-poco-en-la-arquitectura-del-poder/4C4D6ENNE5E4LAGPG35TFPSNBY/
Re:Constitución,Bárbara Rebolledo (Ind-Evópoli): “Quiero que se incorpore el derecho a formar familia y que el Estado garantice el reconocimiento de la infertilidad como una enfermedad”,https://www.latercera.com/reconstitucion/noticia/barbara-rebolledo-ind-evopoli-quiero-que-se-incorpore-el-derecho-a-formar-familia-y-que-el-estado-garantice-el-reconocimiento-de-la-infertilidad-como-una-enfermedad/G2NXPAQL4JHZBPFYBR3V3ZKOTU/
Re:Constitución,Rosabetty Muñoz (Ind-PL): “En una Carta Fundamental lo que se juega realmente es el uso de las palabras y su significado”,https://www.latercera.com/reconstitucion/noticia/rosabetty-munoz-ind-pl-en-una-carta-fundamental-lo-que-se-juega-realmente-es-el-uso-de-las-palabras-y-su-significado/HLDEFNBMH5FUVCIKOXEEIIKJPQ/
Re:Constitución,Las constituciones contra la corrupción: La experiencia internacional sobre integridad pública,https://www.latercera.com/reconstitucion/noticia/las-formulas-de-los-paises-para-luchar-contra-la-corrupcion-a-traves-de-sus-constituciones/4YOTFMLGSNFYZAFD6XLQLGXNGA/
Re:Constitución,Exequiel Silva (DC): “Lo que hay que cambiar es el rol marginal que hoy tiene el Estado en la Constitución”,https://www.latercera.com/reconstitucion/noticia/exequiel-silva-dc-lo-que-hay-que-cambiar-es-el-rol-mariginal-que-hoy-tiene-el-estado-en-la-constitucion/OKBCYLXDIFEXPMZTXXVD6BXO4Q/
Re:Constitución,Javiera Toro (Comunes): “Es fundamental terminar con la propiedad privada sobre los recursos naturales”,https://www.latercera.com/reconstitucion/noticia/javiera-toro-comunes-es-fundamental-terminar-con-la-propiedad-privada-sobre-los-recursos-naturales/LOXVCBB67NG67B6NC3N7TMHXNY/
Re:Constitución,"Cecilia Valdés (DC): “Lo que esperamos de esta nueva Constitución es que tenga una distribución del poder distinta, donde las regiones puedan planificar e invertir sus propios recursos”",https://www.latercera.com/reconstitucion/noticia/cecilia-valdes-dc-lo-que-esperamos-de-esta-nueva-constitucion-es-que-tenga-una-distribucion-del-poder-distinta-donde-las-regiones-puedan-planificar-e-invertir-sus-propios-recursos/POVPXMEAWNE7PKXRYIYMICQXF4/
Re:Constitución,Antonia Orellana (CS): “Proponemos reconocer y garantizar los derechos sexuales y reproductivos de las personas”,https://www.latercera.com/reconstitucion/noticia/antonia-orellana-cs-proponemos-reconocer-y-garantizar-los-derechos-sexuales-y-reproductivos-de-las-personas/THJZH2LELRDFPPZ2OCCKAK7CRU/
LT Domingo,Manuel José Cepeda: Las lecciones de un protagonista del proceso constituyente colombiano,https://www.latercera.com/la-tercera-domingo/noticia/manuel-jose-cepeda-las-lecciones-de-un-protagonista-del-proceso-constituyente-colombiano/PENY5BQE5ZBRDGZLIXELOBPMRU/
Re:Constitución,"Sylvia Eyzaguirre (Ind-RN): “En la Constitución debieran estar derechos y principios, pero no cómo estos van a ser provistos”",https://www.latercera.com/reconstitucion/noticia/sylvia-eyzaguirre-ind-rn-en-la-constitucion-debieran-estar-los-derechos-y-principios-que-van-a-regir-el-sistema-pero-como-estos-van-a-ser-provistos-no-debieran-quedar-en-ella/3KUYKUGSBZAHTKMNGMS5NHNKFM/
Re:Constitución,¿Cuál debe ser la forma de Estado y cómo organizar territorialmente el país?,https://www.latercera.com/la-tercera-tv/noticia/cual-debe-ser-la-forma-de-estado-y-como-organizar-territorialmente-el-pais/BV45Z6SOVFBK5JOVGX4XAETZCU/
Re:Constitución,Macarena Bravo (Ind-UDI): “El narcotráfico debe ser considerado como un atentado a los Derechos Humanos”,https://www.latercera.com/reconstitucion/noticia/macarena-bravo-ind-udi-el-narcotrafico-debe-ser-considerado-como-un-atentado-a-los-derechos-humanos/NOLWIO4HCBBE3DQ3VDXC4XZ7WA/
Re:Constitución,Tomás Guevara (Ind-RN): “Tenemos que establecer una Constitución que limite la migración”,https://www.latercera.com/reconstitucion/noticia/tomas-guevara-ind-rn-tenemos-que-establecer-una-constitucion-que-limite-la-migracion/BC2FVR3PMZALXB3TH7F3IKDCHY/
Re:Constitución,¿Qué debe contemplar el reglamento que regule la Convención Constituyente?,https://www.latercera.com/la-tercera-tv/noticia/que-debe-contemplar-el-reglamento-que-regule-la-convencion-constituyente/JEAU7XUNAVD5PAOSQCE2O2APOA/
Re:Constitución,José Andrés Murillo (Ind): “Debemos elevar a nivel constitucional el interés superior del niño y niña”,https://www.latercera.com/reconstitucion/noticia/jose-andres-murillo-ind-debemos-elevar-a-nivel-constitucional-el-interes-superior-del-nino-y-nina/EGV5HQNLYVDK3ERBFVQ4VZSQBY/
Re:Constitución,Constanza Schonhaut (CS): “Es clave que avancemos en el reconocimiento al trabajo doméstico y de cuidado en la nueva Constitución”,https://www.latercera.com/reconstitucion/noticia/constanza-schonhaut-cs-es-clave-que-avancemos-en-el-reconocimiento-al-trabajo-domestico-y-de-cuidado-en-la-nueva-constitucion/FYJJYWBZXVDKLDAZ746TN3TLSM/
Re:Constitución,¿Cómo asegurar la participación ciudadana en la Convención? Las recomendaciones del PNUD,https://www.latercera.com/reconstitucion/noticia/como-asegurar-la-participacion-ciudadana-en-la-convencion-las-recomendaciones-del-pnud/U3MDZFTYBFGK7ATKFJP72A2AO4/
Re:Constitución,Marcos Emilfork (Ind-UDI): “Debe reformularse completamente la forma en que el Estado realiza su tarea a nivel proteccional con niños y niñas vulnerables”,https://www.latercera.com/reconstitucion/noticia/marcos-emilfork-ind-udi-debe-reformularse-completamente-la-forma-en-que-el-estado-realiza-su-tarea-a-nivel-proteccional-con-ninos-y-ninas-vulnerables/2ZUHOQ3POVAT3NURGLIYJ66BP4/
Re:Constitución,Francisco Orrego (Ind): “El derecho a propiedad es sin duda el principio más relevante a nivel constitucional”,https://www.latercera.com/reconstitucion/noticia/francisco-orrego-ind-el-derecho-a-propiedad-es-sin-duda-el-principio-mas-relevante-a-nivel-constitucional/Z7BXGFLAPNBORPQF74W6K5IZBM/
Re:Constitución,"Milan Ivelic (Ind): “La cultura debería ser un derecho constitucional, no solamente que el Estado contribuya a expandir la creación sino que se preocupe de los artistas”",https://www.latercera.com/reconstitucion/noticia/milan-ivelic-ind-la-cultura-deberia-ser-un-derecho-constitucional-no-solamente-que-el-estado-contribuya-a-expandir-la-creacion-sino-que-se-preocupe-de-los-artistas/SZ72SMY3XNFF3EM77ISKN3BFXE/
Re:Constitución,Candidatos y candidatas a la convención: Un 77% no tiene experiencia política,https://www.latercera.com/reconstitucion/noticia/candidatos-y-candidatas-a-la-convencion-un-77-no-tiene-experiencia-politica/7QIJERVP5FFXZBO4J4FF4UXRSY/
Re:Constitución,Paola Berlin (Ind-Ciudadanos):  “El régimen presidencial ya no da el ancho”,https://www.latercera.com/reconstitucion/noticia/paola-berlin-ind-ciudadanos-el-regimen-presidencial-ya-no-da-el-ancho/QX2E4N562RHBTPS6HV7Z4RG2RM/
Re:Constitución,¿Sesiones “a puertas cerradas” en la Convención? Una idea que divide aguas,https://www.latercera.com/reconstitucion/noticia/sesiones-a-puertas-cerradas-en-la-convencion-una-idea-que-divide-aguas/L3IKEYUNKBHOBMTQXQ5OUKZHEM/
Re:Constitución,"Comités, límite de tiempo y mecanismos para deliberar: Las claves de los reglamentos internos en el mundo",https://www.latercera.com/reconstitucion/noticia/comites-limite-de-tiempo-y-mecanismos-para-deliberar-las-claves-de-los-reglamentos-internos-en-el-mundo/5KA6B5IH4FFUNCCTJCDJLEQHIM/
Re:Constitución,Mauricio Pesutic (Ind): “Los recursos nacionales estratégicos deben ser de Chile”,https://www.latercera.com/reconstitucion/noticia/mauricio-pesutic-ind-pc-los-recursos-nacionales-estrategicos-deben-ser-de-chile/VBFHHJDS5RGHBL4LTBWD7RZ5WI/
Re:Constitución,Un 8M constitucional: Las peticiones feministas para una nueva Carta Magna,https://www.latercera.com/reconstitucion/noticia/un-8m-constitucional-las-peticiones-feministas-para-una-nueva-carta-magna/QYVN3YRIAJGE5FJKT2VM3DNWRM/
Re:Constitución,Pedro Cayuqueo (Ind-PS): “Las repúblicas federales permiten algo muy   virtuoso: distribuir poder”,https://www.latercera.com/reconstitucion/noticia/pedro-cayuqueo-ind-ps-las-republicas-federales-permiten-algo-muy-virtuoso-distribuir-poder/EAX4SCWBHBDZ3LWMBGMYHMJZLM/
Re:Constitución,Clemente Pérez (ExDC): “Es una señal potente que la Constitución establezca el derecho a la ciudad y a la equidad territorial”,https://www.latercera.com/reconstitucion/noticia/clemente-perez-exdc-es-una-senal-potente-que-la-constitucion-establezca-el-derecho-a-la-ciudad-y-a-la-equidad-territorial/QRMHIMEL25GX5JV2S67TJPJAEY/
Re:Constitución,Patricia Politzer (Ind): “Soy partidaria de que el Congreso pueda censurar al Presidente   por una vez”,https://www.latercera.com/reconstitucion/noticia/patricia-politzer-ind-soy-partidaria-de-que-el-congreso-pueda-censurar-al-presidente-por-una-vez/AECBT4XYTFBI5PKNBLZJ7P5TVQ/
Re:Constitución,Andrés Carey (Ind-RN): “La desigualdad aumenta más si una parte de la población tiene acceso a internet y la otra no”,https://www.latercera.com/reconstitucion/noticia/andres-carey-ind-rn-la-desigualdad-aumenta-mas-si-una-parte-de-la-poblacion-tiene-acceso-a-internet-y-la-otra-no/LB6FMTV3ZZF7FLYYD5FBQJKMYY/
Re:Constitución,Renta básica universal en la Constitución: ¿utopía o realidad?,https://www.latercera.com/reconstitucion/noticia/renta-basica-universal-en-la-constitucion-utopia-o-realidad/AA7QAAUKMRGWDFUKKCV57W4H24/
Re:Constitución,Bárbara Figueroa (PC): “Hay que entender este proceso como una disputa”,https://www.latercera.com/reconstitucion/noticia/barbara-figueroa-pc-hay-que-entender-este-proceso-como-una-disputa/AB32DPKA2RHUNH7EBFNEND7OVY/
Re:Constitución,Mariana Aylwin (Independiente): “Cualquier derecho para un mejor bienestar pasa porque en el país haya gobernabilidad”,https://www.latercera.com/reconstitucion/noticia/mariana-aylwin-independiente-cualquier-derecho-para-un-mejor-bienestar-pasa-porque-en-el-pais-haya-gobernabilidad/U23UIY5ITJAFPLAWVFSGTL6OUI/
Re:Constitución,Giovanna Roa (RD): “El feminismo va a ser a la nueva Constitución lo que el Estado subsidiario fue a la Constitución del 80”,https://www.latercera.com/reconstitucion/noticia/giovanna-roa-rd-el-feminismo-va-a-ser-a-la-nueva-constitucion-lo-que-el-estado-subsidiario-fue-a-la-constitucion-del-80/W4GTH5YGUJHFPFEXGKZ24CK4ZE/
Re:Constitución,"Luis Silva (Independiente-Partido Republicano): “Una Constitución corta es más sustentable, integradora y respetuosa con las futuras generaciones”",https://www.latercera.com/reconstitucion/noticia/luis-silva-independiente-partido-republicano-una-constitucion-corta-es-mas-sustentable-integradora-y-respetuosa-con-las-futuras-generaciones/C5IOC462LFCHFNCTUEGF22JRAM/
Re:Constitución,¿En qué coinciden las distintas propuestas para el Reglamento Interno de la Convención?,https://www.latercera.com/reconstitucion/noticia/en-que-coinciden-las-distintas-propuestas-para-el-reglamento-interno-de-la-convencion/664BVRNQERCKVO4EIPTZXXGNGI/
Re:Constitución,Jorge Insunza (PPD): “Un régimen semipresidencial con Congreso unicameral da más eficiencia a la toma de decisiones”,https://www.latercera.com/reconstitucion/noticia/jorge-insunza-ppd-un-regimen-semipresidencial-con-congreso-unicameral-da-mas-eficiencia-a-la-toma-de-decisiones/GHSLWA23VJBDJH3VL2MNUZZA6Y/
Re:Constitución,"René Cortázar (DC): “Hay que hacer una reforma política de fondo no un maquillaje, entrar a picar como dicen los gasfíteres”",https://www.latercera.com/reconstitucion/noticia/rene-cortazar-dc-hay-que-hacer-una-reforma-politica-de-fondo-no-un-maquillaje-entrar-a-picar-como-dicen-los-gasfiteres/42XZKMK7O5BCJHG7Y2LD2HDVZM/
Re:Constitución,Agustín Squella: “Tengo la esperanza que los 155 constituyentes se acabarán comportando de manera racional”,https://www.latercera.com/reconstitucion/noticia/agustin-squella-tengo-la-esperanza-que-los-155-constituyentes-se-acabaran-comportando-de-manera-racional/PEE5MBSMHVCMNKSHJRTRXYCK7M/
Re:Constitución,Marcela Cubillos (Independiente-UDI): “Corresponde al legislador y no a la Constitución consagrar la forma de ejercer los derechos”,https://www.latercera.com/reconstitucion/noticia/marcela-cubillos-independiente-udi-corresponde-al-legislador-y-no-a-la-constitucion-consagrar-la-forma-de-ejercer-los-derechos/P44HJWZV6ZHK7BKIMMCCZJQHGI/
Re:Constitución,Calentando motores: Cómo se preparan los candidatos para la Convención,https://www.latercera.com/reconstitucion/noticia/calentando-motores-como-se-preparan-los-candidatos-para-la-convencion/EJOHRLV34REXLCNUIBKFNTC664/
Re:Constitución,Gonzalo Blumel (Evópoli): “Es clave que se logre un buen reglamento los primeros 15 días de la Convención”,https://www.latercera.com/politica/noticia/gonzalo-blumel-es-clave-que-se-logre-un-buen-reglamento-los-primeros-15-dias-de-la-convencion/PO4NVB5B2BE6DOGHVXR2UHUFRA/
Re:Constitución,Laura Albornoz (DC): “La Constitución debe ser clara en que el Estado garantice el principio de igualdad”,https://www.latercera.com/reconstitucion/noticia/laura-albornoz-dc-la-constitucion-debe-ser-clara-en-que-el-estado-garantice-el-principio-de-igualdad/TJW62CCS3RDGFGGHBQH6UQGCGU/
Re:Constitución,Carlos Ruiz (Comunes): “Hay que apostar a una redistribución del poder en la sociedad”,https://www.latercera.com/politica/noticia/carlos-ruiz-comunes-hay-que-apostar-a-una-redistribucion-del-poder-en-la-sociedad/HCOYFCAS4JCVZG2JE4KCZ4RQFY/
Re:Constitución,¿Por qué incluir el principio de probidad en una nueva Constitución?,https://www.latercera.com/reconstitucion/noticia/por-que-incluir-el-principio-de-probidad-en-una-nueva-constitucion/6LX6U2JS4RCUJCVWJ5JXD7ZP4I/
Re:Constitución,Los temas mineros que podrían cambiar en la nueva Constitución,https://www.latercera.com/reconstitucion/noticia/los-temas-mineros-que-podrian-cambiar-en-la-nueva-constitucion/5R6MXZE3AZDY5JSEKNWMON5ZNY/
Re:Constitución,Después de la subsidiariedad,https://www.latercera.com/reconstitucion/noticia/despues-de-la-subsidiariedad/JVVIXINKCJDJRFKS5D6HXRKRJI/
Re:Constitución,Los ojos puestos en la Convención Constitucional: Las entidades que actuarán como observadores del proceso,https://www.latercera.com/reconstitucion/noticia/los-ojos-puestos-en-la-convencion-constitucional-las-entidades-que-actuaran-como-observadores-del-proceso/7NP2YZKW4RCIXKKHMDSVPRXEMQ/
Re:Constitución,"Tania Groppi, constitucionalista italiana: “Un punto importante es que el proceso chileno es popular y no elitista”",https://www.latercera.com/reconstitucion/noticia/tania-groppi-constitucionalista-italiana-un-punto-importante-es-que-el-proceso-chileno-es-popular-y-no-elitista/5AXGQVLU2NFODA4XJ3RODOKEXQ/
Re:Constitución,Un sistema semipresidencial y más derechos sociales: La propuesta constitucional de la DC,https://www.latercera.com/reconstitucion/noticia/un-sistema-semipresidencial-y-mas-derechos-sociales-la-propuesta-constitucional-de-la-dc/I5ZNYPPJONE3HF3A5SEL5ONAIM/
Re:Constitución,"La historia del Palacio Pereira, la sede donde se redactará la nueva Constitución",https://www.latercera.com/la-tercera-pm/noticia/la-historia-del-palacio-pereira-la-sede-donde-se-redactara-la-nueva-constitucion/UVCCAERM4ZCZVKNYCHKQXD4TUQ/
Re:Constitución,Cómo se podrían “constitucionalizar” las discusiones por el aborto y la eutanasia,https://www.latercera.com/reconstitucion/noticia/como-se-podrian-constitucionalizar-las-discusiones-por-el-aborto-y-la-eutanasia/66GDPSWYF5F57A45U4DDA3Z46E/
Re:Constitución,Constituyentes y constitucionalistas: Quiénes son los abogados que postularán por un cupo en la Convención,https://www.latercera.com/reconstitucion/noticia/constituyentes-y-constitucionalistas-quienes-son-los-abogados-que-postularan-por-un-cupo-en-la-convencion/ACF7P24VLFDOLKPVY7EXQTI2XU/
LT Domingo,¿Cómo se construye un nuevo Chile? Diálogos de ReConstitución,https://www.latercera.com/la-tercera-domingo/noticia/como-se-construye-un-nuevo-chile-dialogos-de-reconstitucion/M2XTF3JBKBG5ZGIFJOYJQTKKA4/
Re:Constitución,Escaños reservados: Los puntos claves para entender la reforma a la Convención,https://www.latercera.com/reconstitucion/noticia/escanos-reservados-los-puntos-claves-para-entender-la-reforma-a-la-convencion/ZRPDU6ZUXBFUFFA6P2ES4RXEDY/
La Tercera PM,Un 2021 en modo constitucional: Cómo se preparan los partidos para el inicio de la Convención,https://www.latercera.com/reconstitucion/noticia/un-2021-en-modo-constitucional-como-se-preparan-los-partidos-para-el-inicio-de-la-convencion/RTZTIBM4V5BWFLI4EYRPN6UUSQ/
Re:Constitución,La defensoría del pueblo: Qué es y cómo funcionaría si llega a implementarse en una nueva Constitución,https://www.latercera.com/reconstitucion/noticia/la-defensoria-del-pueblo-la-entidad-que-podria-sumarse-por-primera-vez-a-la-constitucion/7THKXHPOBBEJXKBKXJVO2G454E/
Independientes,¿A cuántas personas le puedo dar mi patrocinio? Guía sobre cómo firmar por las candidaturas independientes a la Convención,https://www.latercera.com/reconstitucion/noticia/a-cuantas-personas-le-puedo-dar-mi-patrocinio-guia-sobre-como-firmar-por-las-candidaturas-independientes-a-la-convencion/VQTEKJDSPVGDHM6CVQMFR4AVYY/
La Tercera PM,Un reglamento “anticocina”: CPLT propone rayado de cancha en probidad y transparencia para la Convención Constitucional,https://www.latercera.com/la-tercera-pm/noticia/un-reglamento-anticocina-cplt-propone-rayado-de-cancha-en-probidad-y-transparencia-para-la-convencion-constitucional/C6YN7XI3VBARJL23FBAKVGMUJY/
Re:Constitución,El debate sobre el concepto de familia en la nueva Constitución,https://www.latercera.com/reconstitucion/noticia/el-debate-sobre-el-concepto-de-familia-en-la-nueva-constitucion/6CBIVK5QWRH2LJM7LLAEXKAVQM/
Re:Constitución,¿Las Fuerzas Armadas deben tener un rol en la Convención?,https://www.latercera.com/reconstitucion/noticia/las-fuerzas-armadas-deben-tener-un-rol-en-la-convencion/EE453DZ7ZBHQVFS7N7GYICOKZ4/
Re:Constitución,"¿Referéndum, plebiscitos, Iniciativa Popular? El debate sobre incorporar la democracia directa en la Constitución",https://www.latercera.com/reconstitucion/noticia/referendum-plebiscitos-iniciativa-popular-el-debate-sobre-incorporar-la-democracia-directa-en-la-constitucion/P3YS4JSTQFBLXPTSVZPAVTQW6U/
Re:Constitución,Los derechos de los animales y su eventual reconocimiento en una nueva Constitución,https://www.latercera.com/reconstitucion/noticia/los-derechos-de-los-animales-y-su-eventual-reconocimiento-en-una-nueva-constitucion/V3YECCTUZ5CFZI2MKZHKXXVIAA/
Re:Constitución,El control preventivo del Tribunal Constitucional: ¿una atribución con sus días contados?,https://www.latercera.com/reconstitucion/noticia/el-control-preventivo-del-tribunal-constitucional-una-atribucion-con-sus-dias-contados/GCWNNM4Y7NDOTNH4EGWMWBOW2Y/
Re:Constitución,¿Quién debe tener la iniciativa exclusiva en materia fiscal? La discusión constitucional que reabrió el segundo retiro,https://www.latercera.com/reconstitucion/noticia/quien-debe-tener-la-iniciativa-exclusiva-en-materia-fiscal-la-discusion-constitucional-que-reabrio-el-segundo-retiro/YVJXBWI5GNGLPO3P4JW7H44YKQ/
Re:Constitución,Más allá de la descentralización: Las demandas que las regiones llevarán a la Convención,https://www.latercera.com/reconstitucion/noticia/mas-alla-de-la-descentralizacion-las-demandas-que-las-regiones-llevaran-a-la-convencion/OOKFJTZACVCEVCCF734G56N3WA/
Re:Constitución,El debate por los dos tercios y los quórums de otras asambleas o convenciones del mundo,https://www.latercera.com/reconstitucion/noticia/el-debate-por-los-dos-tercios-y-los-quorums-de-otras-asambleas-o-convenciones-del-mundo/LLJRDH3PGZBNJHIV4TDOEYSD3M/
Re:Constitución,¿Cuánto debe durar el mandato presidencial?,https://www.latercera.com/reconstitucion/noticia/cuanto-debe-durar-el-mandato-presidencial/QCPLNVQPZNEGDAMRLYSR6UNJOA/
Re:Constitución,¿Macrozonas o más regiones? La forma de Estado en la encrucijada del proceso constituyente,https://www.latercera.com/reconstitucion/noticia/macro-zonas-o-mas-regiones-la-forma-de-estado-en-la-encrucijada-del-proceso-constituyente/6FYXV55FXVHATHIU6JVHFL5EWQ/
Re:Constitución,En qué están cinco de los principales nudos de la Convención Constitucional,https://www.latercera.com/reconstitucion/noticia/en-que-estan-cinco-de-los-principales-nudos-de-la-convencion-constitucional/BR34XXCW25GWVMA3TF2CIQP73E/
Re:Constitución,Pensiones: Por qué el derecho a la seguridad social será uno de los debates clave de la Convención,https://www.latercera.com/reconstitucion/noticia/pensiones-por-que-el-derecho-a-la-seguridad-social-sera-uno-de-los-debates-clave-de-la-convencion/AQ7UI44NWZF77KFFMQ7ES5ACME/
Re:Constitución,Presidencialistas vs semipresidencialistas: La discusión que cruza el espectro político,https://www.latercera.com/reconstitucion/noticia/presidencialistas-vs-semipresidencialistas-la-discusion-que-cruza-el-espectro-politico/GEO6PILYXJAFBH5GSZKBM6VENU/
Re:Constitución,La judicialización o justiciabilidad: ¿La piedra de tope de los derechos sociales en la Constitución?,https://www.latercera.com/reconstitucion/noticia/la-judicializacion-o-justiciabilidad-la-piedra-de-tope-de-los-derechos-sociales-en-la-constitucion/LO4XNYKPV5BP5EHVLQBQWVACTY/
Re:Constitución,Conversaciones LT: Cómo analizamos los primeros resultados del plebiscito,https://www.latercera.com/reconstitucion/noticia/conversaciones-lt-como-analizamos-los-primeros-resultados-del-plebiscito/P62AWYM6IBE7LETZOXLEIPEWHA/
Re:Constitución,"Guía para ser constituyente: Requisitos, límites y preguntas pendientes",https://www.latercera.com/reconstitucion/noticia/guia-para-ser-constituyente-requisitos-limites-y-preguntas-pendientes/OKUNS7VKJZA2TFJHI3KNXRFC2E/
Re:Constitución,Los debates que tensionarán la Convención Constitucional,https://www.latercera.com/reconstitucion/noticia/la-hora-de-los-contenidos-cuales-seran-los-principales-debates-de-la-convencion-constitucional/D6VJA4EHOJCB3J7HFFDKKNBMV4/
Re:Constitución,Independencia del Banco Central y Constitución: ¿Qué dice la experiencia internacional?,https://www.latercera.com/reconstitucion/noticia/independencia-del-banco-central-y-constitucion-que-dice-la-experiencia-internacional/LQNFS7H6AJERJJF5USZTDFNGBA/
Re:Constitución,Comparando incertidumbres,https://www.latercera.com/opinion/noticia/comparando-incertidumbres/HCXJKBPLOJHPVIVYSB76KK3CDA/
Conversaciones LT,La visión del rector Ignacio Sánchez sobre el proceso constituyente,https://www.latercera.com/conversacioneslt/noticia/la-vision-del-rector-ignacio-sanchez-sobre-el-proceso-constituyente/VL7S5Z3M3JETFHRBAYXZTLBMZQ/
Re:Constitución,Convención Mixta: Asegura acuerdos,https://www.latercera.com/opinion/noticia/convencion-mixta-asegura-acuerdos/C73UR5CGQVDOVFYOILD5IFX2JY/
Re:Constitución,Por una convención sin cadenas,https://www.latercera.com/opinion/noticia/por-una-convencion-sin-cadenas/4NFEHT7IBFGBHL24RB2Y2NK4OU/
Re:Constitución,¿Pasa el examen? El derecho a la educación y la libertad de enseñanza entran al debate constitucional,https://www.latercera.com/reconstitucion/noticia/pasa-el-examen-el-derecho-a-la-educacion-y-la-libertad-de-ensenanza-entran-al-debate-constitucional/VB3E64BYGBBI3DKH32QLFR7GCQ/
La Tercera PM,El día después: ¿Cómo se adecuarán las normas cuando se redacte una nueva Constitución?,https://www.latercera.com/reconstitucion/noticia/el-dia-despues-como-se-adecuan-las-normas-cuando-se-redacte-una-nueva-constitucion/5IJN2W2DWNGGJHDAQ7V2D5GRP4/
Re:Constitución,¿Cómo sería una Constitución con perspectiva de género?,https://www.latercera.com/reconstitucion/noticia/como-seria-una-constitucion-con-perspectiva-de-genero/EFTMB3EQOJGRXJMLATFDKCTUTA/
Re:Constitución,La Convención debe representar al Chile real,https://www.latercera.com/opinion/noticia/la-convencion-debe-representar-al-chile-real/33LCSX67XNATHAMZ767V6SY2QQ/
Re:Constitución,El derecho a manifestación en la Constitución: La discusión por el “insostenible” decreto 1086,https://www.latercera.com/reconstitucion/noticia/el-derecho-a-manifestacion-en-la-constitucion-la-discusion-por-el-insostenible-decreto-1086/QKVIDDYGERBG5PM5E3SMLE2YLM/
Re:Constitución,¿Es posible que el proceso constituyente encauce el conflicto social en Chile?,https://www.latercera.com/opinion/noticia/es-posible-que-el-proceso-constituyente-encause-el-conflicto-social-en-chile/ULIV64UUDRCX5HPQZ6QCGNPGOY/
Benito Baranda,"Diálogos de ReConstitución con Benito Baranda: “Si se elige la Convención Constitucional, me gustaría participar”",https://www.latercera.com/reconstitucion/noticia/dialogos-de-reconstitucion-con-benito-baranda-si-se-elige-la-convencion-constitucional-me-gustaria-participar/GR5HH7KH75GGPIXBFXB3J3Y36U/
Re:Constitución,Las lecciones tras los tropiezos en el proceso constituyente de Bolivia,https://www.latercera.com/reconstitucion/noticia/las-lecciones-tras-los-tropiezos-en-el-proceso-constituyente-de-bolivia/EG3GWUN23NHKHGKFI7Z4LGNVDY/
Re:Constitución,¿Profesor y candidato? Los protocolos de universidades ante eventual participación de académicos en proceso constituyente,https://www.latercera.com/la-tercera-pm/noticia/profesor-y-candidato-los-protocolos-de-universidades-ante-eventual-participacion-de-academicos-en-proceso-constituyente/BOQJY2EQGJAORI7U7ENH2DAR44/
Re:Constitución,Los aportes y gastos de la campaña para el plebiscito,https://www.latercera.com/reconstitucion/noticia/los-aportes-y-gastos-de-la-campana-para-el-plebiscito/C5D57UDJJBGRXMCNPK5DXUWEXU/
Re:Constitución,Arturo Valenzuela: “El legado más peligroso de la Constitución de Pinochet fue el hiperpresidencialismo”,https://www.latercera.com/reconstitucion/noticia/arturo-valenzuela-el-legado-mas-peligroso-de-la-constitucion-de-pinochet-fue-el-hiperpresidencialismo/OYFJA3FXUBASFDHMBDYPYHLOZ4/
Re:Constitución,"Hablemos de autonomía en la Constitución: De Gregorio, Peña, Mendoza y Chahuán abordan la independencia de los órganos que presidieron",https://www.latercera.com/reconstitucion/noticia/hablemos-de-autonomia-en-la-constitucion-de-gregorio-pena-mendoza-y-chahuan-abordan-la-independencia-de-los-organos-que-presidieron/L2C62C45XBEYRLZYMUNUT444FE/
Re:Constitución,Presidencialismo y sistema proporcional: Una mala idea,https://www.latercera.com/opinion/noticia/presidencialismo-y-sistema-proporcional-una-mala-idea/GQRWPVPMUVDPBBCGOHAO25MQ7E/
Re:Constitución,Proceso constituyente: Respeto a los acuerdos adoptados,https://www.latercera.com/opinion/noticia/proceso-constituyente-respeto-a-los-acuerdos-adoptados/YFULZXZOWRBQHFKSS7ZKKXDUWM/
Re:Constitución,Cinco preguntas abiertas sobre la Convención en caso de ganar el Apruebo,https://www.latercera.com/reconstitucion/noticia/cinco-preguntas-abiertas-sobre-la-convencion-en-caso-de-ganar-el-apruebo/SWN5MHA4MRAOPGBXQEG7NAJJ2I/
Re:Constitución,¿Qué significa que la nueva Constitución deberá respetar los tratados internacionales firmados por Chile?,https://www.latercera.com/reconstitucion/noticia/que-significa-que-la-nueva-constitucion-debera-respetar-los-tratados-internacionales-firmados-por-chile/NT3Z3EEUG5FYVG3QRONTA5XBO4/
Re:Constitución,Convención Constitucional y la regla de los dos tercios: Una propuesta de salida,https://www.latercera.com/opinion/noticia/convencion-constitucional-y-la-regla-de-los-dos-tercios-una-propuesta-de-salida/63L2KGRYIZD5JO4TNSQYXUISUA/
Re:Constitución,"Congreso unicameral, Estado social y más participación ciudadana: Las propuestas de los coordinadores del proceso constituyente de Bachelet",https://www.latercera.com/reconstitucion/noticia/congreso-unicameral-estado-social-y-mas-participacion-ciudadana-las-propuestas-de-los-coordinadores-del-proceso-constituyente-de-bachelet/3H23EINHKNCMFHUP4N2NKHB6Z4/
Re:Constitución,Diálogos de ReConstitución con Javiera Parada: “Hay que tener cuidado en no prometer cosas que no se van a hacer”,https://www.latercera.com/la-tercera-pm/noticia/dialogos-de-reconstitucion-con-javiera-parada-hay-que-tener-cuidado-en-no-prometer-cosas-que-no-se-van-a-hacer/Y3KUNRBEPBHUXE4YUOZAC7N6XQ/
Re:Constitución,"Guillermo Larraín, economista: “El tema del derecho de propiedad tiene nombre y apellido: agua y pertenencias mineras”",https://www.latercera.com/reconstitucion/noticia/guillermo-larrain-economista-el-tema-del-derecho-de-propiedad-tiene-nombre-y-apellido-agua-y-pertenencias-mineras/RG2Z5JNNIVFMNBXD56Q6VVQX5A/
Re: Constitución,"Heinz Klug, exmiembro del Comité Constitucional del ANC en Sudáfrica: “Hacer una Constitución es el proyecto de construir esperanza”",https://www.latercera.com/mundo/noticia/heinz-klug-exmiembro-del-comite-constitucional-del-anc-en-sudafrica-hacer-una-constitucion-es-el-proyecto-de-construir-esperanza/HQ7FJGEU7FF55M5Q24ER3KXOUI/
Re:Constitución,No hay dilema con los 2/3,https://www.latercera.com/opinion/noticia/no-hay-dilema-con-los-23/5AHOFIRLVNC3TOFK5LMPGGFB4E/
Re:Constitución,¿Dos tercios o tres quintos? Los quórums y sistemas de votación de otros procesos constituyentes en el mundo,https://www.latercera.com/reconstitucion/noticia/dos-tercios-o-tres-quintos-los-quorums-y-sistemas-de-votacion-de-otros-procesos-constituyentes-en-el-mundo/W3JHV23MHZHGNB2TMYWY2JPYIQ/
Conversaciones LT,Diálogos de ReConstitución: Javiera Parada,https://www.latercera.com/conversacioneslt/noticia/dialogos-de-reconstitucion-javiera-parada/5GPTGQSSANC3VAOUYRD4IGXNVY/
Re:Constitución,Santiago no es Chile: La descentralización en la discusión constitucional,https://www.latercera.com/reconstitucion/noticia/santiago-no-es-chile-la-descentralizacion-en-la-discusion-constitucional/M2LGICOGR5EFPOKHOLMLVTGNTI/
Re:Constitución,“Los partidos deben ceder su poder”: Miriam Henríquez y Cristóbal Bellolio por la participación de independientes en el órgano constituyente,https://www.latercera.com/reconstitucion/noticia/los-partidos-deben-ceder-su-poder-miriam-henriquez-y-cristobal-bellolio-por-la-participacion-de-independientes-en-el-organo-constituyente/M6RKRCADNBDUHPWH6UYZQZHANU/
Re:Constitución,"Diálogos de ReConstitución con Ángela Vivanco, ministra de la Corte Suprema: “El rol subsidiario del Estado no se ha entendido bien a lo largo del tiempo”",https://www.latercera.com/la-tercera-pm/noticia/dialogos-de-reconstitucion-con-angela-vivanco-ministra-de-la-corte-suprema-el-rol-subsidiario-del-estado-no-se-ha-entendido-bien-a-lo-largo-del-tiempo/YLRAVI6LQJE5JKHR3F3LY6XUTI/
Re:Constitución,Humberto de la Calle: “En Colombia eliminamos la idea de que la Constitución se aprueba contra alguien”,https://www.latercera.com/reconstitucion/noticia/humberto-de-la-calle-en-colombia-eliminamos-la-idea-de-que-la-constitucion-se-aprueba-contra-alguien/AIZKA3DA4FEG5FE3V6F3Q3HD4M/
Conversaciones LT,Diálogos de ReConstitución: Ángela Vivanco,https://www.latercera.com/conversacioneslt/noticia/dialogos-de-reconstitucion-angela-vivanco/APE5INCXSNGBHIBNEXUMMQPEUI/
La Tercera PM,Diálogos de ReConstitución con Agustín Squella: “Es hoja en blanco pero no partir de cero porque Chile tiene una biografía como país”,https://www.latercera.com/la-tercera-pm/noticia/dialogos-de-reconstitucion-con-agustin-squella-es-hoja-en-blanco-pero-no-partir-de-cero-porque-chile-tiene-una-biografia-como-pais/J74S4E2H2RFBBHPPZ2AE4RT6IY/
Re:Constitución,La historia de los cuatro plebiscitos que avanzaron hacia nuevas constituciones,https://www.latercera.com/reconstitucion/noticia/la-historia-de-los-cuatro-plebiscitos-que-avanzaron-hacia-nuevas-constituciones/T53UKPOES5GEFGB4LWNVQYCVDM/
Re:Constitución,"Roberto Gargarella, experto argentino en reformas constitucionales: “Sería un gran problema que la asamblea en Chile quedara en manos de una elite”",https://www.latercera.com/reconstitucion/noticia/roberto-gargarella-experto-argentino-en-reformas-constitucionales-seria-un-gran-problema-que-la-asamblea-en-chile-quedara-en-manos-de-una-elite/BS3KODDWFJHNDGVZGJFBCHM5N4/
Re:Constitución,"Mayor autonomía y derecho a sufragio: La inclusión de niños, niñas y adolescentes en la Constitución",https://www.latercera.com/reconstitucion/noticia/mayor-autonomia-y-derecho-a-sufragio-la-inclusion-de-ninos-ninas-y-adolescentes-en-la-constitucion/IW7MMZ4ZPBBITP3VHGSNGWF32I/
Re:Constitución,12 preguntas sobre el plebiscito de octubre: El Servel responde,https://www.latercera.com/reconstitucion/noticia/12-preguntas-sobre-el-plebiscito-de-octubre-el-servel-responde/AV67VLN2JFHQXF7WOGXHYWJDI4/
Re:Constitución,"Marisol Peña y el debate constitucional: “Veo con temor que, entre nosotros, hay posiciones tremendamente extremas”",https://www.latercera.com/reconstitucion/noticia/marisol-pena-y-el-debate-constitucional-veo-con-temor-que-entre-nosotros-hay-posiciones-tremendamente-extremas/AAYUCVCWJFDUNHYQ3J5QRBKVDY/
Re:Constitución,"La hoja en blanco, los 2/3 y los tratados internacionales: Las dudas que volvieron, analizadas por constitucionalistas",https://www.latercera.com/reconstitucion/noticia/la-hoja-en-blanco-los-23-y-los-tratados-internacionales-las-dudas-que-volvieron-analizadas-por-constitucionalistas/LOR7D22NHREOBBFE6TQP2JFD7Q/
Re:Constitución,La última de las grandes reformas a la Constitución,https://www.latercera.com/reconstitucion/noticia/la-ultima-de-las-grandes-reformas-a-la-constitucion/WKYRRLYHPVBEPGE6LUTFWQZ6NE/
Re:Constitución,Derechos sexuales y reproductivos en la Constitución: La discusión que se da previo al plebiscito,https://www.latercera.com/reconstitucion/noticia/derechos-sexuales-y-reproductivos-en-la-constitucion-la-discusion-que-se-da-previo-al-plebiscito/TCL4JBZRJFBLXNXLKUBRHTWF4M/
Re:Constitución,Estar conectados: El debate para incluir el acceso a internet como un derecho constitucional,https://www.latercera.com/reconstitucion/noticia/estar-conectados-el-debate-para-incluir-el-acceso-a-internet-como-un-derecho-constitucional/ZNH42C6P2FCZDJ3EEOJRYF6GR4/
Re:Constitución,Hacia una Constitución diversa y moderna: Lo que se juega con la aprobación de los escaños indígenas,https://www.latercera.com/opinion/noticia/hacia-una-constitucion-diversa-y-moderna-lo-que-se-juega-con-la-aprobacion-de-los-escanos-indigenas/G55E3Z5VSREZRAOBJXQWEWFDOU/
poder judicial,El debate sobre el mecanismo para nombrar jueces tras el rechazo a Raúl Mera,https://www.latercera.com/reconstitucion/noticia/el-debate-sobre-el-mecanismo-para-nombrar-jueces-tras-el-rechazo-a-raul-mera/QP4SPZ2CZVFEVPLVBIVXLFY7CE/
plebiscito,¿Durará la prescindencia del gabinete ante el plebiscito? Piñera consulta opiniones sobre mantenerla o no,https://www.latercera.com/la-tercera-pm/noticia/durara-la-prescindencia-del-gabinete-ante-el-plebiscito-pinera-consulta-opiniones-sobre-mantenerla-o-no/DS5BMSKSTJDOZCZXU5UHQHCQ34/
Re:Constitución,Juan Luis Ossa (CEP): “El gobierno no puede estar marginado como actor secundario en el proceso constituyente”,https://www.latercera.com/la-tercera-pm/noticia/juan-luis-ossa-cep-el-gobierno-no-puede-estar-marginado-como-actor-secundario-en-el-proceso-constituyente/6P6J36C67JFRFP5GXRGRHNU5NM/
Re:Constitución,Los mecanismos de reemplazo: La discusión constitucional que dejó el último ajuste ministerial,https://www.latercera.com/reconstitucion/noticia/los-mecanismos-de-reemplazo-la-discusion-constitucional-que-dejo-el-ultimo-ajuste-ministerial/OKYCEL3AH5DLZL34FSYIIOA35M/
Re:Constitución,"Juan Esteban Fernández, sociólogo, y reconocimiento constitucional de los pueblos originarios: “No es una panacea pero abre un camino para un nuevo pacto”",https://www.latercera.com/reconstitucion/noticia/juan-esteban-fernandez-sociologo-y-reconocimiento-constitucional-de-los-pueblos-originarios-no-es-una-panacea-pero-abre-un-camino-para-un-nuevo-pacto/ANAWSZ7F5VBCHC2N76LJ2LKIXE/
Re:Constitución,"Claudia Mojica, representante del PNUD en Chile, por plebiscito: “Regular el gasto es necesario para nivelar la cancha y garantizar la justa competencia política”",https://www.latercera.com/reconstitucion/noticia/claudia-mojica-representante-del-pnud-en-chile-por-plebiscito-regular-el-gasto-es-necesario-para-nivelar-la-cancha-y-garantizar-la-justa-competencia-politica/6PFCQ3XLQNFMHB7K3HDON7ZHYY/
Re:Constitución,Quedan 79 días: Los cinco temas pendientes del Plebiscito de octubre,https://www.latercera.com/la-tercera-pm/noticia/desde-escanos-reservados-hasta-como-asegurar-el-voto-de-personas-con-covid-los-cinco-temas-abiertos-a-79-dias-del-plebiscito/FLDL2CMOAVEH3I4AYLSFDUXWVY/
Re:Constitución,La experiencia electoral de República Dominicana en pandemia: “Lo que más costó fue el distanciamiento social”,https://www.latercera.com/la-tercera-pm/noticia/la-experiencia-electoral-de-republica-dominicana-en-pandemia-lo-que-mas-costo-fue-el-distanciamiento-social/2OHBEULJJJBHXLSZFWJFFBGRG4/
Re:Constitución,¿Qué pasará en una posible convención? La preocupación oficialista por los quórums,https://www.latercera.com/la-tercera-pm/noticia/que-pasara-en-una-posible-convencion-la-preocupacion-oficialista-por-los-quorums/FBBKNL6ZG5DATFE2LJQDLBRSIM/
Re:Constitución,¿Voto obligatorio para el plebiscito de octubre? Cuatro miradas de una propuesta a contrarreloj,https://www.latercera.com/reconstitucion/noticia/voto-obligatorio-para-el-plebiscito-de-octubre-cuatro-miradas-de-una-propuesta-a-contrarreloj/QWRQIKHKKZHETEAS37U3KE6GJA/
Re:Constitución,El diálogo como bastión: Cómo se gestó el grupo de especialistas que buscará aportar al debate constitucional,https://www.latercera.com/reconstitucion/noticia/el-dialogo-como-bastion-como-se-gesto-el-grupo-de-especialistas-que-buscara-aportar-al-debate-constitucional/IW4REYYNXZHA3NOMVXCNIP5XUE/
Re:Constitución,Gloria de la Fuente y plebiscito: “Hay que lograr dotar de una épica y significado relevante a este proceso electoral”,https://www.latercera.com/reconstitucion/noticia/gloria-de-la-fuente-y-plebiscito-hay-que-lograr-dotar-de-una-epica-y-significado-relevante-a-este-proceso-electoral/QHCLBNRE6JEQHIBS7QEP6WGJJQ/
Re:Constitución,¿Existen reformas inconstitucionales a la Constitución?: El debate que se abrió por el retiro de fondos de pensiones,https://www.latercera.com/reconstitucion/noticia/existen-reformas-inconstitucionales-a-la-constitucion-el-debate-que-se-abrio-por-el-retiro-de-fondos-de-pensiones/MDD7H7ILXZANNDXPRNT3JJ2JVQ/
Re:Constitución,El veto presidencial: Orígenes e historia de una atribución constitucional,https://www.latercera.com/reconstitucion/noticia/el-veto-presidencial-origenes-e-historia-de-una-atribucion-constitucional/D635NCUBRJHPLJIVKPOCKQOLOQ/
Conversaciones LT,Conversaciones LT: Fernando Atria y Gonzalo Cordero sobre la ruta constitucional,https://www.latercera.com/reconstitucion/noticia/conversaciones-lt-fernando-atria-y-gonzalo-cordero-sobre-la-ruta-constitucional/MMPMO3WDMJDJHONBNX23PR7QGM/
Re:Constitución,El régimen político bajo análisis: El debate que desató las diferencias entre el gobierno y el Congreso,https://www.latercera.com/reconstitucion/noticia/el-regimen-politico-bajo-analisis-el-debate-que-desato-las-diferencias-entre-el-gobierno-y-el-congreso/DDBBWQEBDRFCHJ6HB63MMOU2H4/
Re:Constitución,De criticado a valorado: El “revival” del proyecto constitucional de Bachelet,https://www.latercera.com/reconstitucion/noticia/de-criticado-a-valorado-el-revival-del-proyecto-constitucional-de-bachelet/W6H67ZRILBBALJV3VJ4S3JRY3Y/
Re:Constitución,"Mario Fernández, exministro del Interior: “Si la Constitución fuese clara en todos los aspectos, no tendríamos este debate de la inconstitucionalidad”",https://www.latercera.com/reconstitucion/noticia/mario-fernandez-exministro-del-interior-si-la-constitucion-fuese-clara-en-todos-los-aspectos-no-tendriamos-este-debate-de-la-inconstitucionalidad/KCSPPJHF4FAPBEO56RNQKEHO7I/
La Tercera PM,Voto por correo postal para contagiados y fin al puerta a puerta: Espacio Público entra a las propuestas para el plebiscito,https://www.latercera.com/la-tercera-pm/noticia/voto-por-correo-postal-para-contagiados-y-fin-al-puerta-a-puerta-espacio-publico-entra-a-las-propuestas-para-el-plebiscito/L6GQRIUG5ZH7RAT6ZO3N4236F4/
Re:Constitución,Reconocimiento de los pueblos originarios: ¿Una postergación constitucional?,https://www.latercera.com/reconstitucion/noticia/reconocimiento-de-los-pueblos-originarios-una-postergacion-constitucional/5KCSBGLPIBE5TH3AF3BOC5RJB4/
Re:Constitución,Voto electrónico: Las repercusiones de una sugerencia para un plebiscito seguro,https://www.latercera.com/reconstitucion/noticia/voto-electronico-las-repercusiones-de-una-sugerencia-para-un-plebiscito-seguro/ODRPDSJ2P5G2DDLX42T72VCDEM/
Re:Constitución,¿Qué debates abre el caso de Attilio y sus dos mamás?,https://www.latercera.com/reconstitucion/noticia/que-debates-abre-el-caso-de-attilio-y-sus-dos-mamas/SAPALEAVQFCMFAS4YSQWXC7E7Y/
Re:Constitución,Diálogos constitucionales en casa: Podcasts y programas en tiempos de cuarentena,https://www.latercera.com/reconstitucion/noticia/dialogos-constitucionales-en-casa-podcasts-y-programas-en-tiempos-de-cuarentena/NIKFZPCRVNGWFLX2SDBSLZBCY4/
La Tercera,Votar en más de un día y evaluar el voto electrónico: La propuesta de 93 académicos para un “plebiscito seguro”,https://www.latercera.com/reconstitucion/noticia/votar-en-mas-de-un-dia-y-evaluar-el-voto-electronico-la-propuesta-de-93-academicos-para-un-plebiscito-seguro/3Z5AEPBBENBN5EJFF4FAZ2BFE4/
Re:Constitución,"Bruce Ackerman, académico de la Universidad de Yale: “Me preocupa la impracticabilidad de una convención mixta en Chile”",https://www.latercera.com/reconstitucion/noticia/bruce-ackerman-academico-de-la-universidad-de-yale-me-preocupa-la-impracticabilidad-de-una-convencion-mixta-en-chile/JA4SIDRMA5ASFNJIX7ZZBEJQPE/
Re:Constitución,Trivia Constitucional XV: ¿Cuánto sabes del proceso y la historia?,https://www.latercera.com/reconstitucion/noticia/trivia-constitucional-xv-cuanto-sabes-del-proceso-y-la-historia/2CKFTXDCHFGKBDD7KNSVQF3IXI/
Re:Constitución,Derechos y pactos: El debate constitucional sobre migración,https://www.latercera.com/reconstitucion/noticia/derechos-y-pactos-el-debate-constitucional-sobre-migracion/MK3ZCC2IRRECBI4I6K2XVOSHJ4/
Re:Constitución,Trivia Constitucional XIV: ¿Cuánto sabes de la historia y el proceso?,https://www.latercera.com/reconstitucion/noticia/trivia-constitucional-xiv-cuanto-sabes-de-la-historia-y-el-proceso/I2JREYWPKREETCLX3C4ZQCXSCA/
Re:Constitución,"Jorge Barrera, abogado: “Si gana el apruebo, la Constitución no será redactada por seres virtuosos”",https://www.latercera.com/la-tercera-pm/noticia/jorge-barrera-abogado-si-gana-el-apruebo-la-constitucion-no-sera-redactada-por-seres-virtuosos/3DPKBBIV5NAY5FRMMNHNQNJGUU/
Re:Constitución,"Apertura, límites y censura: La libertad de expresión en el debate constituyente",https://www.latercera.com/reconstitucion/noticia/apertura-limites-y-censura-la-libertad-de-expresion-en-el-debate-constituyente/YMIPLB6A3RALJKKGTOYXIAH2ME/
Re:Constitución,¿Renovación de la política? Cuatro visiones del límite a la reelección de autoridades,https://www.latercera.com/la-tercera-pm/noticia/renovacion-de-la-politica-cuatro-visiones-del-limite-a-la-reeleccion-de-autoridades/MOTTYHCGMJENNAHIBGCZPIL76Q/
Re:Constitución,Trivia Constitucional XIII : ¿Cuánto sabes de la historia y el proceso?,https://www.latercera.com/reconstitucion/noticia/trivia-constitucional-xiii-cuanto-sabes-de-la-historia-y-el-proceso/IYAMKYPOWFHCRJZSF2IWSJBYZM/
Re:Constitución,La convulsionada historia de la dieta parlamentaria y el “apuro” que le dio origen,https://www.latercera.com/reconstitucion/noticia/la-convulsionada-historia-de-la-dieta-parlamentaria-y-el-apuro-que-le-dio-origen/PIKU6LYD7ZFAVI6XA5KCDLUTWA/
Re:Constitución,El concepto de igualdad en la Constitución: Qué significa y cómo se interpreta,https://www.latercera.com/reconstitucion/noticia/el-concepto-de-igualdad-en-la-constitucion-que-significa-y-como-se-interpreta/VCNC54F75ZARPGSIAVH2HSFUOA/
Re:Constitución,"Luis Cordero, abogado: “Un proceso constituyente con una sociedad civil activa permite alejar los fantasmas del populismo”",https://www.latercera.com/reconstitucion/noticia/luis-cordero-abogado-un-proceso-constituyente-con-una-sociedad-civil-activa-permite-alejar-los-fantasmas-del-populismo/KTLZSIKLV5EUHDCU2FQRSYFTYI/
Re:Constitución,Miriam Henríquez: “Los debates previos al proceso constituyente actual fueron modestos o mezquinos en atender las demandas de género”,https://www.latercera.com/reconstitucion/noticia/miriam-henriquez-los-debates-previos-al-proceso-constituyente-actual-fueron-modestos-o-mezquinos-en-atender-las-demandas-de-genero/KAYINVKG4NBLPBPBGORTCURTDY/
Re:Constitución,Trivia XII Constitucional: ¿Cuánto sabes del proceso y la historia?,https://www.latercera.com/reconstitucion/noticia/trivia-xii-constitucional-cuanto-sabes-del-proceso-y-la-historia/MI56QAJA7BAGNIBVX3TZ24UC3A/
Re:Constitución,¿Se deben modificar las atribuciones constitucionales de las Fuerzas Armadas y Carabineros? Cuatro miradas a su rol en la pandemia,https://www.latercera.com/reconstitucion/noticia/se-deben-modificar-las-atribuciones-constitucionales-de-las-fuerzas-armadas-y-carabineros-cuatro-miradas-a-su-rol-en-la-pandemia/KJSVN7EP5FBDPI5PYDWUIPSWQ4/
Re:Constitución,Patricio Fernández: “Hay que hacer un esfuerzo por generar un clima preconstituyente”,https://www.latercera.com/la-tercera-pm/noticia/patricio-fernandez-hay-que-hacer-un-esfuerzo-por-generar-un-clima-preconstituyente/HBKULKD2PJCYXFPZ5QQIMV7YAM/
Re:Constitución,Trivia Constitucional XI: ¿Cuánto sabes de la historia y el proceso?,https://www.latercera.com/reconstitucion/noticia/trivia-constitucional-xi-cuanto-sabes-de-la-historia-y-el-proceso/4A6X6FU7Y5EBXM2QAL7RWI2S4E/
Re:Constitución,Derechos y deberes: Cinco miradas al debate,https://www.latercera.com/reconstitucion/noticia/derechos-y-deberes-cinco-miradas-al-debate/QQ224E2XONGMBOQRN2H6XOHSPU/
Re:Constitución,¿Más o menos texto?: Cómo y por qué influye el tipo de extensión de una Constitución,https://www.latercera.com/reconstitucion/noticia/mas-o-menos-texto-como-y-por-que-influye-el-tipo-de-extension-de-una-constitucion/GCJX3XSFEZFQ5DEKNNSIDL6AQQ/
Re:Constitución,¿Congreso unicameral o bicameral? La discusión que volvió por la rebaja de dieta parlamentaria,https://www.latercera.com/reconstitucion/noticia/congreso-unicameral-o-bicameral-la-discusion-que-volvio-por-la-rebaja-de-dieta-parlamentaria/2YIWBFTA3VG4BJXPQTMHXTKVXY/
Re:Constitución,Trivia X: ¿Cuánto sabes del proceso y la historia?,https://www.latercera.com/reconstitucion/noticia/trivia-x-cuanto-sabes-del-proceso-y-la-historia/GMXZGW3UEVE7JDFUOHA25LKFSE/
Re:Constitución,Derecho a la vivienda en la Constitución: Cómo la pandemia reflotó esa discusión,https://www.latercera.com/reconstitucion/noticia/derecho-a-la-vivienda-en-la-constitucion-como-el-hacinamiento-refloto-esa-discusion/6NV4RAL5KJH55MZBUXWP6TVJUY/
Re:Constitución,Diálogo constitucional aquí y ahora,https://www.latercera.com/opinion/noticia/dialogo-constitucional-aqui-y-ahora/MXKXT6JSDBHKHBML6S5YOPOFZA/
La Tercera PM,Datos personales y coronavirus: ¿Debemos ceder parte de nuestra privacidad por el bien público?,https://www.latercera.com/la-tercera-pm/noticia/datos-personales-y-coronavirus-debemos-ceder-parte-de-nuestra-privacidad-por-el-bien-publico/FEODPSEEGZHSFDFV42VOGXZ3IM/
La Tercera PM,"Jorge Correa Sutil: “Ha habido una discusión muy escasa, muy pobre, respecto de los contenidos constitucionales”",https://www.latercera.com/la-tercera-pm/noticia/jorge-correa-sutil-ha-habido-una-discusion-muy-escasa-muy-pobre-respecto-de-los-contenidos-constitucionales/MEYMHL5ADNDZFPKWUY2MNORFJY/
Re:Constitución,¿Una labor pendiente? La Constitución y el derecho al trabajo y huelga,https://www.latercera.com/reconstitucion/noticia/una-labor-pendiente-la-constitucion-y-el-derecho-al-trabajo-y-huelga/LA5WRXRA65BLPLOOMLKAHF45HA/
Re:Constitución,¿Es necesario profundizar las atribuciones del Ministerio Público? Cinco miradas al tema,https://www.latercera.com/reconstitucion/noticia/es-necesario-profundizar-las-atribuciones-del-ministerio-publico-cinco-miradas-al-tema/EB3ZKMQ555CZJORNI7NKQ3CMHI/
Re:Constitución,Trivia Constitucional IX : ¿Cuánto sabes de la historia y el actual proceso?,https://www.latercera.com/reconstitucion/noticia/trivia-constitucional-ix-cuanto-sabes-de-la-historia-y-el-actual-proceso/BJ4UH43YDBFUFA6SC3P2L3RWV4/
Re:Constitución,La cultura en la reflexión constitucional: La demanda para que sea un derecho social,https://www.latercera.com/reconstitucion/noticia/la-cultura-en-la-reflexion-constitucional-la-demanda-para-que-sea-un-derecho-social/XEGR26NV6FDEBNQC2KXAUHPCEA/
Re:Constitución,¿Qué debates reabre el conflicto en el Tribunal Constitucional? Cuatro abogados responden,https://www.latercera.com/reconstitucion/noticia/que-debates-reabre-el-conflicto-en-el-tribunal-constitucional-cuatro-abogados-responden/5LALKOGIDBH73LCWJFETRVZECY/
Re:Constitución,¿La Constitución protege nuestros datos personales? Los derechos digitales en tiempos de pandemia,https://www.latercera.com/la-tercera-pm/noticia/la-constitucion-protege-nuestros-datos-personales-los-derechos-digitales-en-tiempos-de-pandemia/IESMWS5TRJC4RLZROPWPHPQWSU/
Re:Constitución,Trivia VIII: ¿Cuánto sabes de la historia y el actual proceso?,https://www.latercera.com/reconstitucion/noticia/trivia-viii-cuanto-sabes-de-la-historia-y-el-actual-proceso/6NJZQZUC2NGOJOCCPATOCQPPT4/
La Tercera PM,"Constanza Hube, abogada: “Los llamados a ejercer un parlamentarismo de facto no hacen más que debilitar las instituciones”",https://www.latercera.com/la-tercera-pm/noticia/constanza-hube-abogada-los-llamados-a-ejercer-un-parlamentarismo-de-facto-no-hacen-mas-que-debilitar-las-instituciones/IOBMDONVJ5HR5MOVWMNGB4RBTM/
Re:Constitución,Ensayo y error: La Ciencia en el debate constitucional,https://www.latercera.com/reconstitucion/noticia/ensayo-y-error-la-ciencia-en-el-debate-constitucional/NRYSNP6K35C5VHCTJRVEJO2DTA/
Re:Constitución,Disciplina fiscal y tamaño del Estado,https://www.latercera.com/opinion/noticia/disciplina-fiscal-y-tamano-del-estado/65BNW665INACZL3YK4YWT3X6YU/
Re:Constitución,¿Más o menos Estado? Cuatro miradas de un debate esencial,https://www.latercera.com/reconstitucion/noticia/mas-o-menos-estado-cuatro-miradas-de-un-debate-esencial/YA6DIAT2EBHT5NQKQPBIKTTBYU/
Re:Constitución,¿Sistema en crisis? El diagnóstico constitucional frente a la salud,https://www.latercera.com/reconstitucion/noticia/sistema-en-crisis-el-diagnostico-constitucional-frente-a-la-salud/VKFH5JH5F5E2JMJVGQEKMKUYHI/
Re:Constitución,Indulto presidencial: ¿Un resabio monárquico o una facultad necesaria?,https://www.latercera.com/reconstitucion/noticia/indulto-presidencial-un-resabio-monarquico-o-una-facultad-necesaria/VK5UIHLOAVFADLPUCT3NBAOEQ4/
Re:Constitución,Trivia VII: ¿Cuánto sabes de la historia y el actual proceso?,https://www.latercera.com/reconstitucion/noticia/trivia-vii-cuanto-sabes-de-la-historia-y-el-actual-proceso/QTT67VEI5ZFGVJXDMX74LVOUT4/
Re:Constitución,Pausa constitucional,https://www.latercera.com/opinion/noticia/pausa-constitucional/SLWLZMKFAZGAVC4V2VRUZ3NFRY/
Re:Constitución,"Juan Pablo Ciudad, abogado: “La Constitución actual establece una discriminación odiosa entre derechos liberales y sociales”",https://www.latercera.com/reconstitucion/noticia/juan-pablo-ciudad-abogado-la-constitucion-actual-establece-una-discriminacion-odiosa-entre-derechos-liberales-y-sociales/WUTH2Q5LFBATFL245WBWMJWNAE/
Re:Constitución,"Francisco Soto, abogado: “La paridad es lo mínimo, ahora necesitamos que hayan procesos participativos en la convención”",https://www.latercera.com/la-tercera-pm/noticia/francisco-soto-abogado-la-paridad-es-lo-minimo-ahora-necesitamos-que-hayan-procesos-participativos-en-la-convencion/OGTCZ7IGWRCXDP3Y7DFLH5OJ3A/
Re:Constitución,Trivia VI: ¿Cuántos sabes de la historia y el actual proceso?,https://www.latercera.com/reconstitucion/noticia/trivia-vi-cuantos-sabes-de-la-historia-y-el-actual-proceso/5MLFF5XMSNGTLI72SGYWXVLC54/
Re:Constitución,Un país religioso: La relación del Estado y la iglesia en la discusión constitucional,https://www.latercera.com/reconstitucion/noticia/un-pais-religioso-la-relacion-del-estado-y-la-iglesia-en-la-discusion-constitucional/EUY7W2BARFH7VMZYRXYLA3RV7M/
Re:Constitución,Momento constituyente y coronavirus,https://www.latercera.com/opinion/noticia/momento-constituyente-y-coronavirus/D5JN6TOIIVGU7J2FB5RDJBOGQU/
Re:Constitución,El proyecto de nueva Constitución de Michelle Bachelet: Un buen punto de partida,https://www.latercera.com/opinion/noticia/el-proyecto-de-nueva-constitucion-de-michelle-bachelet-un-buen-punto-de-partida/SBVLFEI6KJFWRO7MGUZVP2OXWA/
La Tercera PM,Pablo Valderrama: “La izquierda y la derecha han manoseado la subsidiaridad”,https://www.latercera.com/la-tercera-pm/noticia/pablo-valderrama-la-izquierda-y-la-derecha-han-manoseado-la-subsidiaridad/MDUCSNOTBJGZHJZNF6ZO6UTTSQ/
Re:Constitución,La influencia de Jaime Guzmán en la Constitución del ‘80: Mitos y verdades,https://www.latercera.com/reconstitucion/noticia/la-influencia-de-jaime-guzman-en-la-constitucion-del-80-mitos-y-verdades/3DEDI7WOAFAULBTLN3W22MDQAE/
Re:Constitución,Alcaldes empoderados: La arista abierta del debate constitucional tras la pandemia,https://www.latercera.com/reconstitucion/noticia/alcaldes-empoderados-la-arista-abierta-del-debate-constitucional-tras-la-pandemia/3QBHHRNRYRBX5GH4J3VFC6ZWNE/
Re:Constitución,Constitución y coronavirus: ¿Cuál debería ser el rol del Estado en esta crisis?,https://www.latercera.com/opinion/noticia/constitucion-y-coronavirus-cual-deberia-ser-el-rol-del-estado-en-esta-crisis/GNEL2BZQKFFLXKSMXLGLKNJXNU/
Re:Constitución,Más allá del permiso de circulación,https://www.latercera.com/opinion/noticia/mas-alla-del-permiso-de-circulacion/ZU6YMRKGIFCDVF5BDWZSHUADY4/
La Tercera PM,"Patricio Zapata y el proceso constituyente: “El coronavirus no es sinónimo de amnesia, de olvidar los problemas de arrastre que tenemos”",https://www.latercera.com/la-tercera-pm/noticia/patricio-zapata-y-el-proceso-constituyente-el-coronavirus-no-es-sinonimo-de-amnesia-de-olvidar-los-problemas-de-arrastre-que-tenemos/W35FQFFSVVCV7DW2DBVBQYDTRM/
Re:Constitución,Trivia Constitucional V: ¿Cuántos sabes de la historia y el actual proceso?,https://www.latercera.com/reconstitucion/noticia/trivia-constitucional-v-cuantos-sabes-de-la-historia-y-el-actual-proceso/6UPAMHZ47FAVVB3PTGLW2T5KSA/
Re:Constitución,¿Parlamentarismo de facto? Las indicaciones cuestionadas como inconstitucionales tras el acuerdo por la Paz,https://www.latercera.com/la-tercera-pm/noticia/parlamentarismo-de-facto-las-indicaciones-cuestionadas-como-inconstitucionales-tras-el-acuerdo-por-la-paz/CSKIVQE6OFHRJPCA4QGWVWTLCA/
Re:Constitución,"Leonor Etcheberry, abogada: “La paridad debiera estar consagrada en la Constitución”",https://www.latercera.com/la-tercera-pm/noticia/leonor-etcheberry-abogada-la-paridad-debiera-estar-consagrada-en-la-constitucion/IA6H4QH7UVBN7AR4I44RQMOTUY/
Re:Constitución,Trivia IV: ¿Cuántos sabes de la historia y el actual proceso?,https://www.latercera.com/reconstitucion/noticia/trivia-iv-cuantos-sabes-de-la-historia-y-el-actual-proceso/X75QYDJB5FH6FKW3LSZVEXBI5Y/
Re:Constitución,Los efectos de una Nueva Constitución en el crecimiento económico: ¿Mito o realidad?,https://www.latercera.com/reconstitucion/noticia/los-efectos-de-una-nueva-constitucion-en-el-crecimiento-economico-mito-o-realidad/4TL4TOZNZBEXNDGHCQQYRT4HH4/
Re:Constitución,¿Se deben constitucionalizar los derechos sociales?,https://www.latercera.com/reconstitucion/noticia/se-deben-constitucionalizar-los-derechos-sociales/DBB4MLBKTBGMVB4FNZYUTIQWRA/
La Tercera PM,"Lucas Sierra, abogado: “No hay que olvidar el proyecto de nueva Constitución de Bachelet""",https://www.latercera.com/la-tercera-pm/noticia/lucas-sierra-abogado-no-hay-que-olvidar-el-proyecto-de-nueva-constitucion-de-bachelet/TLGIGOCJJRCSRIRDSQCTIBSIWQ/
Re:Constitución,Idas y venidas: Piñera y la idea de una Nueva Constitución,https://www.latercera.com/la-tercera-pm/noticia/idas-y-venidas-pinera-y-la-idea-de-una-nueva-constitucion/K6RYDBSM4BHQTGNIOCWHSVS3XI/
Re:Constitución,"Los 7 mejores sitios sobre la Constitución, el proceso y experiencias internacionales",https://www.latercera.com/reconstitucion/noticia/los-7-mejores-sitios-sobre-la-constitucion-el-proceso-y-experiencias-internacionales/BIAIML3N3VEZNMXY7GOCLOY5JE/
Re:Constitución,Diálogo entre trincheras opuestas: La historia del Grupo de los 24,https://www.latercera.com/la-tercera-pm/noticia/dialogo-entre-trincheras-opuestas-la-historia-del-grupo-de-los-24/FLQPDNA5HVDBBKIP2D5HCBSICY/
Re:Constitución,"Los niños, niñas y adolescentes merecen formar parte de la Constitución",https://www.latercera.com/opinion/noticia/los-ninos-ninas-y-adolescentes-merecen-formar-parte-de-la-constitucion/MRRAEKL7HFHEVMNMF3BGQZ2SKQ/
Re:Constitución,Trivia Constitucional III : ¿Cuánto sabes de la historia y el actual proceso?,https://www.latercera.com/reconstitucion/noticia/trivia-constitucional-iii-cuanto-sabes-de-la-historia-y-el-actual-proceso/YYLO5V4CNZGXXMVDEIJVJSMMTU/
Re:Constitución,¿Hay que replantear el estado de excepción?: Coronavirus se propaga hasta el debate constitucional,https://www.latercera.com/reconstitucion/noticia/hay-que-replantear-el-estado-de-excepcion-coronavirus-se-propaga-hasta-el-debate-constitucional/HGHLY7SNIBH5BIZUIUZJT2VBNU/
Consultorio Constituyente,"Si rayo mi voto, ¿se anula?",https://www.latercera.com/reconstitucion/noticia/si-rayo-mi-voto-se-anula/UXUZE7Q6UBA2JPGJ7OJPZM6BP4/
Consultorio Constitucional,¿Cuál es la diferencia entre Convención Mixta y Convención Constitucional?,https://www.latercera.com/reconstitucion/noticia/cual-es-la-diferencia-entre-convencion-mixta-y-convencion-constitucional/2O3KZKHGGRBMPDNWWMSR2BKL5U/
Consultorio Constitucional,¿Se puede regular en la Constitución el acceso universal al agua?,https://www.latercera.com/reconstitucion/noticia/se-puede-regular-en-la-constitucion-el-acceso-universal-al-agua/LIWHXMSHENEM3NPMMQZOGMOVJU/
Consultorio Constitucional,¿Cuántos tipos de constitución existen?,https://www.latercera.com/reconstitucion/noticia/reconstitucion-cuantos-tipos-de-constitucion-existen/HVOKLE5UJNDUFNS3DCTQIJYNCU/
Re:Constitución,El escenario constitucional post Coronavirus,https://www.latercera.com/podcast/noticia/el-escenario-constitucional-post-coronavirus/XEY3UV6KEZDHJAHKJYGNYNR5EQ/
La Tercera PM,"Diego Pardow, abogado: “No pasaría nada si se saca el reconocimiento constitucional al Banco Central”",https://www.latercera.com/la-tercera-pm/noticia/diego-pardow-abogado-no-pasaria-nada-si-se-saca-el-reconocimiento-constitucional-al-banco-central/WEFMTA77DFGO3IACALV73NVZK4/
Re:Constitución,El reemplazo constitucional: Otra cosa es con guitarra,https://www.latercera.com/opinion/noticia/el-reemplazo-constitucional-otra-cosa-es-con-guitarra/AMCFJLZ6AVCL3GLHZSTAJBJOCM/
Re:Constitución,"Alberto Acosta, presidente de la Asamblea Constituyente de Ecuador en 2008: “Fue clave que la Asamblea asumiera plenos poderes”",https://www.latercera.com/reconstitucion/noticia/alberto-acosta-presidente-de-la-asamblea-constituyente-de-ecuador-en-2008-fue-clave-que-la-asamblea-asumiera-plenos-poderes/LNIVRBVC5VG3NGEKWNGGURVO5M/
Re:Constitución,¿Se divide Chile?: La discusión por la forma del Estado,https://www.latercera.com/reconstitucion/noticia/se-divide-chile-la-discusion-por-la-forma-del-estado/PVAYQX2LWNBLTG4R4CW7EFXUGU/
Consultorio Constituyente,¿Cuál es el rol del Presidente Sebastián Piñera en todo este proceso?,https://www.latercera.com/reconstitucion/noticia/cual-es-el-rol-del-presidente-sebastian-pinera-en-todo-este-proceso/KF4BYQ3FCNHVTGXO4YRWTELG5M/
Consultorio Constituyente,¿Qué pasa si voto rechazo?,https://www.latercera.com/reconstitucion/noticia/que-pasa-si-voto-rechazo/BV7P5MCQGJFYNBX76CMBZEY7LE/
re:constitución,Subsidiariedad y solidaridad: un complemento,https://www.latercera.com/reconstitucion/noticia/subsidiariedad-y-solidaridad-un-complemento/WIU4NLFZKVHVXANYSN7EIWEHMU/
Consultorio Constituyente,"¿Si se llega a aprobar la Constitución, tendría que cambiarse constantemente?",https://www.latercera.com/reconstitucion/noticia/si-se-llega-a-aprobar-la-constitucion-tendria-que-cambiarse-constantemente/3C2QVLP54VC2BHOKVUPN5VSQXU/
Re.Constitución,"Islandia, la Constitución más innovadora del mundo que quedó inconclusa",https://www.latercera.com/reconstitucion/noticia/islandia-la-constitucion-mas-innovadora-del-mundo-que-quedo-inconclusa/MXSPDUBOUBBSTE6YB4LHGCQAMI/
Re:Constitución,Cambios a la Constitución: una demanda recurrente que cumple 40 años,https://www.latercera.com/reconstitucion/noticia/cambios-a-la-constitucion-una-demanda-recurrente-que-cumple-40-anos/P3EPYUWRVNBLPNK7TA6G7Y4FPE/
Re:Constitución,Constitución del 80 ¿El pecado original?,https://www.latercera.com/reconstitucion/noticia/constitucion-del-80-el-pecado-original/ZSHIXTI6PZFFROML4S6H5CG2LM/
Re:Constitución,Trivia Constitucional II : ¿Cuánto sabes de la historia y el actual proceso?,https://www.latercera.com/reconstitucion/noticia/trivia-constitucional-ii-cuanto-sabes-de-la-historia-y-el-actual-proceso/DXBSBAY2M5HQZKWTOI2MIIL3RY/
Consultorio Constituyente,¿Cuáles son los contenidos de las constituciones?,https://www.latercera.com/reconstitucion/noticia/cuales-son-los-contenidos-de-las-constituciones/3ORO3OSGOBCWTCZQATAWPDW5TE/
Crónica Estéreo,Aprendizajes y fracasos de las Asambleas Constituyentes en el mundo,https://www.latercera.com/podcast/noticia/aprendizajes-y-fracasos-de-las-asambleas-constituyentes-en-el-mundo/TZSUGQMK7NBERDLZ2BEHXHRYFQ/
Re:Constitución,"María Cristina Escudero, politóloga: “El sistema semipresidencial se podría implementar en Chile""",https://www.latercera.com/reconstitucion/noticia/maria-cristina-escudero-politologa-el-sistema-semipresidencial-se-podria-implementar-en-chile/UV4S3ZPG25H5JORUNVHAWPHWXA/
Re:Constitución,Asambleas Constituyentes: ¿Cómo otros países cambiaron su Constitución?,https://www.latercera.com/reconstitucion/noticia/asambleas-constituyentes-como-otros-paises-cambiaron-su-constitucion/SKP73VWLERFUHI3J2MAPANEWAY/
Re:Constitución,Trivia Constitucional: ¿Cuánto sabes de la historia y el actual proceso?,https://www.latercera.com/reconstitucion/noticia/trivia-constituyente/QXTMJXVBWFBTRFWOIV4UF4QAD4/
Re:Constitución,"Antonio Navarro, integrante de la asamblea colombiana de 1991:  “Al final nos faltaba tiempo para hacer la Constitución”",https://www.latercera.com/reconstitucion/noticia/antonio-navarro-integrante-de-la-asamblea-colombiana-de-1991-al-final-nos-faltaba-tiempo-para-hacer-la-constitucion/NUMBYVP5LVCIVDW4DRKWUADODI/
Re:Constitución,La apuesta por el Estado subsidiario o el Estado solidario,https://www.latercera.com/reconstitucion/noticia/la-apuesta-por-el-estado-subsidiario-o-el-estado-solidario/KSNBEXGM4VGHNA4QBWPM4WTGOQ/
Fact Checking,Fact checking constitucional: ¿Se puede ir a votar con elementos que hagan alusión a alguna de las opciones?,https://www.latercera.com/politica/noticia/fact-checking-constitucional-los-dichos-de-mesina-la-duracion-y-el-presupuesto-destinado-al-proceso/YBSBS4Q6HVFBDAGJBHPJMOBMAY/
Re:Constitución,Los recovecos y otras aristas del debate sobre el Tribunal Constitucional,https://www.latercera.com/la-tercera-pm/noticia/los-recovecos-de-la-tercera-camara-y-otras-aristas-del-debate-sobre-el-tribunal-constitucional/W7ENRMVO5VE2HD6AIIZSMAOQVA/
Plebiscito,Biblioteca constituyente: Los libros sobre el proceso,https://www.latercera.com/nacional/noticia/biblioteca-constituyente-los-libros-sobre-el-proceso/6WBCUNRMM5C2ZCW64VZTMAYXCQ/
Re:Constitución,¿Más o menos presidencialismo?,https://www.latercera.com/nacional/noticia/mas-o-menos-presidencialismo-un-nuevo-sistema-de-gobierno/6TJ6VVRU4FBQRDBNBWRKR4EXXI/
Consultorio Constituyente,¿Qué es una Constitución? ¿Para qué nos sirve?,https://www.latercera.com/reconstitucion/noticia/que-es-una-constitucion-para-que-nos-sirve/ZM3ZWAVNK5FRTJOMMC4UEH4B7U/
Consultorio Constituyente,¿Cuándo termina el proceso?,https://www.latercera.com/reconstitucion/noticia/cuando-termina-el-proceso/CQMRBORTRFCXHDP3LL2SCAOHI4/
Consultorio Constituyente,¿Qué diferencia hay entre una Convención Constitucional y una asamblea constituyente?,https://www.latercera.com/reconstitucion/noticia/que-diferencia-hay-entre-una-convencion-constitucional-y-una-asamblea-constituyente/QSVNYXOPWNCMHCU7BN2CJCDCLU/
Re:Constitución,La Constitución y los quórums: ¿Estabilidad o poder de las minorías?,https://www.latercera.com/la-tercera-pm/noticia/la-constitucion-y-los-quorums-estabilidad-o-poder-de-las-minorias/5QDIBMR25FGVPMJFE7B3FYSQNM/
Re:Constitución,¿Cómo funcionará la fórmula de paridad en el órgano constituyente?,https://www.latercera.com/reconstitucion/noticia/como-funcionara-la-formula-de-paridad-en-el-organo-constituyente/FX7LQO4ARNB2VNWKAAZLWADWAM/
Consultorio Constituyente,¿Qué son los derechos sociales?,https://www.latercera.com/reconstitucion/noticia/que-son-los-derechos-sociales/CDP2QQKSMNC3NAWDTERMMUZ6EU/
Consultorio Constituyente,¿Qué tan cierto es que la nueva Constitución se escribirá en una “hoja en blanco”?,https://www.latercera.com/reconstitucion/noticia/que-tan-cierto-es-que-la-nueva-constitucion-se-escribira-en-una-hoja-en-blanco/IH7QV7JD6NHCTEM2N2YKH5MLIY/
Consultorio Constituyente,¿Qué son los derechos fundamentales?,https://www.latercera.com/reconstitucion/noticia/que-son-los-derechos-funtamentales/U2TY6CEBGNGHLCLTTULNP7YORE/
Re:Constitución,"Alicia Romo: “Las voces de hoy, que claman por asamblea constituyente, pretenden la destrucción del país”",https://www.latercera.com/la-tercera-pm/noticia/alicia-romo-las-voces-hoy-claman-asamblea-constituyente-pretenden-la-destruccion-del-pais/913944-4/
Re:Constitución,"Raúl Bertelsen, redactor de la Constitución de 1980: “La ignorancia que hay de los contenidos de la Constitución me parece pavorosa”",https://www.latercera.com/la-tercera-domingo/noticia/raul-bertelsen-redactor-la-constitucion-1980-la-ignorancia-los-contenidos-la-constitucion-me-parece-pavorosa/912026-3/
